{
  "total_queries": 24,
  "total_tokens": 48445,
  "total_cost": 0.00436575,
  "avg_cost_per_query": 0.00018190625
}